

INSERT INTO EVENT_STATUS (EVENT_STATUS_ID, EVENT_STATUS) VALUES ('1', 'LOADED');
INSERT INTO EVENT_STATUS (EVENT_STATUS_ID, EVENT_STATUS) VALUES ('2', 'ASSURED');
INSERT INTO EVENT_STATUS (EVENT_STATUS_ID, EVENT_STATUS) VALUES ('3', 'VALIDATED');


INSERT INTO FILE_STATUS (FILE_STATUS_ID, FILE_STATUS) VALUES ('1', 'LOAD_FAILED');
INSERT INTO FILE_STATUS (FILE_STATUS_ID, FILE_STATUS) VALUES ('2', 'LOAD_PASSED');
INSERT INTO FILE_STATUS (FILE_STATUS_ID, FILE_STATUS) VALUES ('3', 'ASSURE_FAILED');
INSERT INTO FILE_STATUS (FILE_STATUS_ID, FILE_STATUS) VALUES ('4', 'ASSURE_PASSED');
INSERT INTO FILE_STATUS (FILE_STATUS_ID, FILE_STATUS) VALUES ('5', 'VALIDATION_FAILED');
INSERT INTO FILE_STATUS (FILE_STATUS_ID, FILE_STATUS) VALUES ('6', 'VALIDATION_PASSED');

Insert into ACCOUNT(ACCOUNT_ID, ACCOUNT_CODE) values('1', '1111');
Insert into ACCOUNT(ACCOUNT_ID, ACCOUNT_CODE) values('2', '2222');
Insert into ACCOUNT(ACCOUNT_ID, ACCOUNT_CODE) values('3', '3333');
Insert into ACCOUNT(ACCOUNT_ID, ACCOUNT_CODE) values('4', '4444');
Insert into ACCOUNT(ACCOUNT_ID, ACCOUNT_CODE) values('5', '5555');

--Case 1
insert into EVENT(EVENT_ID, ACCOUNT_ID, EVENT_STATUS_ID, TEST_SUBMISSION) values
(1000, 1, 3,'N');
insert into EVENT(EVENT_ID, ACCOUNT_ID, EVENT_STATUS_ID, TEST_SUBMISSION) values
(1001, 1, 3,'N');
insert into EVENT(EVENT_ID, ACCOUNT_ID, EVENT_STATUS_ID, TEST_SUBMISSION) values
(1002, 1, 3,'Y');
insert into EVENT(EVENT_ID, ACCOUNT_ID, EVENT_STATUS_ID, TEST_SUBMISSION) values
(1003, 1, 1,'N');
insert into FILE_DETAILS(FILE_ID, EVENT_ID, FILE_NAME, FILE_STATUS_ID) values
(1000, 1000, '1111_20220930_01.csv', 6);
insert into FILE_DETAILS(FILE_ID, EVENT_ID, FILE_NAME, FILE_STATUS_ID) values
(1001, 1001, '1111_20221001_01.csv', 6);
insert into FILE_DETAILS(FILE_ID, EVENT_ID, FILE_NAME, FILE_STATUS_ID) values
(1002, 1002, '1111_20221002_01.csv', 5);
insert into FILE_DETAILS(FILE_ID, EVENT_ID, FILE_NAME, FILE_STATUS_ID) values
(1003, 1003, '1111_20221003_01.csv', 2);



